{
  "hash": "cf9a82f6",
  "configHash": "59f64022",
  "lockfileHash": "a6ef1414",
  "browserHash": "33df0d00",
  "optimized": {
    "@angular/common": {
      "src": "../../../../../node_modules/@angular/common/fesm2022/common.mjs",
      "file": "@angular_common.js",
      "fileHash": "2db2612c",
      "needsInterop": false
    },
    "@angular/common/http": {
      "src": "../../../../../node_modules/@angular/common/fesm2022/http.mjs",
      "file": "@angular_common_http.js",
      "fileHash": "abd7d1d1",
      "needsInterop": false
    },
    "@angular/core": {
      "src": "../../../../../node_modules/@angular/core/fesm2022/core.mjs",
      "file": "@angular_core.js",
      "fileHash": "ec8e6400",
      "needsInterop": false
    },
    "@angular/forms": {
      "src": "../../../../../node_modules/@angular/forms/fesm2022/forms.mjs",
      "file": "@angular_forms.js",
      "fileHash": "2765df2f",
      "needsInterop": false
    },
    "@angular/platform-browser": {
      "src": "../../../../../node_modules/@angular/platform-browser/fesm2022/platform-browser.mjs",
      "file": "@angular_platform-browser.js",
      "fileHash": "f278377f",
      "needsInterop": false
    },
    "@angular/router": {
      "src": "../../../../../node_modules/@angular/router/fesm2022/router.mjs",
      "file": "@angular_router.js",
      "fileHash": "52f791ae",
      "needsInterop": false
    },
    "@fullcalendar/angular": {
      "src": "../../../../../node_modules/@fullcalendar/angular/fesm2020/fullcalendar-angular.mjs",
      "file": "@fullcalendar_angular.js",
      "fileHash": "19e57c6a",
      "needsInterop": false
    },
    "@fullcalendar/daygrid": {
      "src": "../../../../../node_modules/@fullcalendar/daygrid/index.js",
      "file": "@fullcalendar_daygrid.js",
      "fileHash": "235f96af",
      "needsInterop": false
    },
    "@fullcalendar/interaction": {
      "src": "../../../../../node_modules/@fullcalendar/interaction/index.js",
      "file": "@fullcalendar_interaction.js",
      "fileHash": "ca1cd38a",
      "needsInterop": false
    },
    "@fullcalendar/list": {
      "src": "../../../../../node_modules/@fullcalendar/list/index.js",
      "file": "@fullcalendar_list.js",
      "fileHash": "b520eeaa",
      "needsInterop": false
    },
    "@fullcalendar/timegrid": {
      "src": "../../../../../node_modules/@fullcalendar/timegrid/index.js",
      "file": "@fullcalendar_timegrid.js",
      "fileHash": "102b4863",
      "needsInterop": false
    },
    "@ng-bootstrap/ng-bootstrap": {
      "src": "../../../../../node_modules/@ng-bootstrap/ng-bootstrap/fesm2022/ng-bootstrap.mjs",
      "file": "@ng-bootstrap_ng-bootstrap.js",
      "fileHash": "bc74c016",
      "needsInterop": false
    },
    "jwt-decode": {
      "src": "../../../../../node_modules/jwt-decode/build/esm/index.js",
      "file": "jwt-decode.js",
      "fileHash": "678d8a74",
      "needsInterop": false
    },
    "rxjs": {
      "src": "../../../../../node_modules/rxjs/dist/esm5/index.js",
      "file": "rxjs.js",
      "fileHash": "7d67f3fd",
      "needsInterop": false
    },
    "rxjs/operators": {
      "src": "../../../../../node_modules/rxjs/dist/esm5/operators/index.js",
      "file": "rxjs_operators.js",
      "fileHash": "fbd9a4f4",
      "needsInterop": false
    }
  },
  "chunks": {
    "chunk-6TBJAHK4": {
      "file": "chunk-6TBJAHK4.js"
    },
    "chunk-KIYGFMDW": {
      "file": "chunk-KIYGFMDW.js"
    },
    "chunk-TO6GHOAR": {
      "file": "chunk-TO6GHOAR.js"
    },
    "chunk-GYQVQ4ZF": {
      "file": "chunk-GYQVQ4ZF.js"
    },
    "chunk-L7RZ66TN": {
      "file": "chunk-L7RZ66TN.js"
    },
    "chunk-MJQNUHK2": {
      "file": "chunk-MJQNUHK2.js"
    },
    "chunk-MOY5LPCH": {
      "file": "chunk-MOY5LPCH.js"
    },
    "chunk-SAI3DHVA": {
      "file": "chunk-SAI3DHVA.js"
    },
    "chunk-3TU74U3G": {
      "file": "chunk-3TU74U3G.js"
    },
    "chunk-T7UM46HU": {
      "file": "chunk-T7UM46HU.js"
    },
    "chunk-QKXUDFIP": {
      "file": "chunk-QKXUDFIP.js"
    },
    "chunk-J4B6MK7R": {
      "file": "chunk-J4B6MK7R.js"
    }
  }
}